Value,Probability
'"every thing is blue"',0.446795957393651
'""',0.04493682439724789
'"a fep is blue"',0.23012707400184107
'"the fep is blue"',0.2781401442072597
