Value,Probability
'""',0.09216689212684957
'"a fep isnt blue"',0.09695139010513296
'"the fep isnt blue"',0.05364633242272683
'"a fep is blue"',0.47199813270058777
'"the fep is blue"',0.2852372526447029
