Value,Probability
'""',0.08123010848860379
'"a fep is blue"',0.41598950166312476
'"the fep is blue"',0.5027803898482708
