Value,Probability
'""',0.31094294268008743
'"a fep isnt blue"',0.32708437748692454
'"the fep isnt blue"',0.361972679832988
