Value,Probability
'""',0.0020963623865371955
'"a fep isnt blue"',0.2974429235676815
'"the fep isnt blue"',0.7004607140457814
