Value,Probability
'"every thing isnt blue"',0.34075323703233246
'""',0.20498812842948846
'"a fep isnt blue"',0.21562931707554975
'"the fep isnt blue"',0.23862931746262947
