Value,Probability
'""',0.0004191943848632389
'"a fep isnt blue"',0.0594775045467385
'"the fep isnt blue"',0.00027356650324890646
'"a fep is blue"',0.9292200649161572
'"the fep is blue"',0.010609669648991913
