Value,Probability
'"every thing is blue"',0.909424769303235
'""',0.000005968230231124606
'"a fep is blue"',0.013229660231755003
'"the fep is blue"',0.07733960223477898
