Value,Probability
'""',0.00006589252034152197
'"a fep is blue"',0.14606267221163718
'"the fep is blue"',0.8538714352680211
