Value,Probability
'"every thing isnt blue"',0.8615303027401059
'""',0.0002902826650108342
'"a fep isnt blue"',0.041186831578514625
'"the fep isnt blue"',0.09699258301636873
